Workbook

Sheet Sheet 1
A1: data (16)
A2: # New Mexico Palmer Drought Severity Index (PDSI)
A3: Date | B3: Value
A4: 200001 | B4: -2.32
A5: 200002 | B5: -3.11
A6: 200003 | B6: -2.42
A7: 200004 | B7: -2.85
A8: 200005 | B8: -4.04
A9: 200006 | B9: -3.11
A10: 200007 | B10: -3.58
A11: 200008 | B11: -4.09
A12: 200009 | B12: -5.1
A13: 200010 | B13: 1.69
A14: 200011 | B14: 2.45
A15: 200012 | B15: 2.15
... A320: 202605 | B320: -6.17

Sheet Monthly Table
A1: Year | B1: Jan | C1: Feb | D1: Mar | E1: Apr | F1: May | G1: Jun | H1: Jul | I1: Aug | J1: Sep | K1: Oct | L1: Nov | M1: Dec
A2: 2000 | B2: =IFERROR(INDEX('Sheet 1'!$B:$B,MATCH($A2*100+COLUMN(A1),'Sheet 1'!$A:$A,0)),IFERROR(INDEX('Sheet 1'!$B:$B,MATCH(TEXT($A2*100+COLUMN(A1),"000000"),'Sheet 1'!$A:$A,0)),"")) -> -2.32 | C2: =IFERROR(INDEX('Sheet 1'!$B:$B,MATCH($A2*100+COLUMN(B1),'Sheet 1'!$A:$A,0)),IFERROR(INDEX('Sheet 1'!$B:$B,MATCH(TEXT($A2*100+COLUMN(B1),"000000"),'Sheet 1'!$A:$A,0)),"")) -> -3.11 | D2: =IFERROR(INDEX('Sheet 1'!$B:$B,MATCH($A2*100+COLUMN(C1),'Sheet 1'!$A:$A,0)),IFERROR(INDEX('Sheet 1'!$B:$B,MATCH(TEXT($A2*100+COLUMN(C1),"000000"),'Sheet 1'!$A:$A,0)),"")) -> -2.42 | E2: =IFERROR(INDEX('Sheet 1'!$B:$B,MATCH($A2*100+COLUMN(D1),'Sheet 1'!$A:$A,0)),IFERROR(INDEX('Sheet 1'!$B:$B,MATCH(TEXT($A2*100+COLUMN(D1),"000000"),'Sheet 1'!$A:$A,0)),"")) -> -2.85 | F2: =IFERROR(INDEX('Sheet 1'!$B:$B,MATCH($A2*100+COLUMN(E1),'Sheet 1'!$A:$A,0)),IFERROR(INDEX('Sheet 1'!$B:$B,MATCH(TEXT($A2*100+COLUMN(E1),"000000"),'Sheet 1'!$A:$A,0)),"")) -> -4.04 | G2: =IFERROR(INDEX('Sheet 1'!$B:$B,MATCH($A2*100+COLUMN(F1),'Sheet 1'!$A:$A,0)),IFERROR(INDEX('Sheet 1'!$B:$B,MATCH(TEXT($A2*100+COLUMN(F1),"000000"),'Sheet 1'!$A:$A,0)),"")) -> -3.11 | H2: =IFERROR(INDEX('Sheet 1'!$B:$B,MATCH($A2*100+COLUMN(G1),'Sheet 1'!$A:$A,0)),IFERROR(INDEX('Sheet 1'!$B:$B,MATCH(TEXT($A2*100+COLUMN(G1),"000000"),'Sheet 1'!$A:$A,0)),"")) -> -3.58 | I2: =IFERROR(INDEX('Sheet 1'!$B:$B,MATCH($A2*100+COLUMN(H1),'Sheet 1'!$A:$A,0)),IFERROR(INDEX('Sheet 1'!$B:$B,MATCH(TEXT($A2*100+COLUMN(H1),"000000"),'Sheet 1'!$A:$A,0)),"")) -> -4.09 | ... M2: =IFERROR(INDEX('Sheet 1'!$B:$B,MATCH($A2*100+COLUMN(L1),'Sheet 1'!$A:$A,0)),IFERROR(INDEX('Sheet 1'!$B:$B,MATCH(TEXT($A2*100+COLUMN(L1),"000000"),'Sheet 1'!$A:$A,0)),"")) -> 2.15
A3: 2001 | B3: =IFERROR(INDEX('Sheet 1'!$B:$B,MATCH($A3*100+COLUMN(A2),'Sheet 1'!$A:$A,0)),IFERROR(INDEX('Sheet 1'!$B:$B,MATCH(TEXT($A3*100+COLUMN(A2),"000000"),'Sheet 1'!$A:$A,0)),"")) -> 2.68 | C3: =IFERROR(INDEX('Sheet 1'!$B:$B,MATCH($A3*100+COLUMN(B2),'Sheet 1'!$A:$A,0)),IFERROR(INDEX('Sheet 1'!$B:$B,MATCH(TEXT($A3*100+COLUMN(B2),"000000"),'Sheet 1'!$A:$A,0)),"")) -> 2.55 | D3: =IFERROR(INDEX('Sheet 1'!$B:$B,MATCH($A3*100+COLUMN(C2),'Sheet 1'!$A:$A,0)),IFERROR(INDEX('Sheet 1'!$B:$B,MATCH(TEXT($A3*100+COLUMN(C2),"000000"),'Sheet 1'!$A:$A,0)),"")) -> 2.7 | E3: =IFERROR(INDEX('Sheet 1'!$B:$B,MATCH($A3*100+COLUMN(D2),'Sheet 1'!$A:$A,0)),IFERROR(INDEX('Sheet 1'!$B:$B,MATCH(TEXT($A3*100+COLUMN(D2),"000000"),'Sheet 1'!$A:$A,0)),"")) -> 2.49 | F3: =IFERROR(INDEX('Sheet 1'!$B:$B,MATCH($A3*100+COLUMN(E2),'Sheet 1'!$A:$A,0)),IFERROR(INDEX('Sheet 1'!$B:$B,MATCH(TEXT($A3*100+COLUMN(E2),"000000"),'Sheet 1'!$A:$A,0)),"")) -> 2.59 | G3: =IFERROR(INDEX('Sheet 1'!$B:$B,MATCH($A3*100+COLUMN(F2),'Sheet 1'!$A:$A,0)),IFERROR(INDEX('Sheet 1'!$B:$B,MATCH(TEXT($A3*100+COLUMN(F2),"000000"),'Sheet 1'!$A:$A,0)),"")) -> 2.38 | H3: =IFERROR(INDEX('Sheet 1'!$B:$B,MATCH($A3*100+COLUMN(G2),'Sheet 1'!$A:$A,0)),IFERROR(INDEX('Sheet 1'!$B:$B,MATCH(TEXT($A3*100+COLUMN(G2),"000000"),'Sheet 1'!$A:$A,0)),"")) -> -0.45 | I3: =IFERROR(INDEX('Sheet 1'!$B:$B,MATCH($A3*100+COLUMN(H2),'Sheet 1'!$A:$A,0)),IFERROR(INDEX('Sheet 1'!$B:$B,MATCH(TEXT($A3*100+COLUMN(H2),"000000"),'Sheet 1'!$A:$A,0)),"")) -> -0.52 | ... M3: =IFERROR(INDEX('Sheet 1'!$B:$B,MATCH($A3*100+COLUMN(L2),'Sheet 1'!$A:$A,0)),IFERROR(INDEX('Sheet 1'!$B:$B,MATCH(TEXT($A3*100+COLUMN(L2),"000000"),'Sheet 1'!$A:$A,0)),"")) -> -1.8
A4: 2002 | B4: =IFERROR(INDEX('Sheet 1'!$B:$B,MATCH($A4*100+COLUMN(A3),'Sheet 1'!$A:$A,0)),IFERROR(INDEX('Sheet 1'!$B:$B,MATCH(TEXT($A4*100+COLUMN(A3),"000000"),'Sheet 1'!$A:$A,0)),"")) -> -1.88 | C4: =IFERROR(INDEX('Sheet 1'!$B:$B,MATCH($A4*100+COLUMN(B3),'Sheet 1'!$A:$A,0)),IFERROR(INDEX('Sheet 1'!$B:$B,MATCH(TEXT($A4*100+COLUMN(B3),"000000"),'Sheet 1'!$A:$A,0)),"")) -> -2 | D4: =IFERROR(INDEX('Sheet 1'!$B:$B,MATCH($A4*100+COLUMN(C3),'Sheet 1'!$A:$A,0)),IFERROR(INDEX('Sheet 1'!$B:$B,MATCH(TEXT($A4*100+COLUMN(C3),"000000"),'Sheet 1'!$A:$A,0)),"")) -> -2.04 | E4: =IFERROR(INDEX('Sheet 1'!$B:$B,MATCH($A4*100+COLUMN(D3),'Sheet 1'!$A:$A,0)),IFERROR(INDEX('Sheet 1'!$B:$B,MATCH(TEXT($A4*100+COLUMN(D3),"000000"),'Sheet 1'!$A:$A,0)),"")) -> -2.81 | F4: =IFERROR(INDEX('Sheet 1'!$B:$B,MATCH($A4*100+COLUMN(E3),'Sheet 1'!$A:$A,0)),IFERROR(INDEX('Sheet 1'!$B:$B,MATCH(TEXT($A4*100+COLUMN(E3),"000000"),'Sheet 1'!$A:$A,0)),"")) -> -3.78 | G4: =IFERROR(INDEX('Sheet 1'!$B:$B,MATCH($A4*100+COLUMN(F3),'Sheet 1'!$A:$A,0)),IFERROR(INDEX('Sheet 1'!$B:$B,MATCH(TEXT($A4*100+COLUMN(F3),"000000"),'Sheet 1'!$A:$A,0)),"")) -> -4.31 | H4: =IFERROR(INDEX('Sheet 1'!$B:$B,MATCH($A4*100+COLUMN(G3),'Sheet 1'!$A:$A,0)),IFERROR(INDEX('Sheet 1'!$B:$B,MATCH(TEXT($A4*100+COLUMN(G3),"000000"),'Sheet 1'!$A:$A,0)),"")) -> -4.12 | I4: =IFERROR(INDEX('Sheet 1'!$B:$B,MATCH($A4*100+COLUMN(H3),'Sheet 1'!$A:$A,0)),IFERROR(INDEX('Sheet 1'!$B:$B,MATCH(TEXT($A4*100+COLUMN(H3),"000000"),'Sheet 1'!$A:$A,0)),"")) -> -4.53 | ... M4: =IFERROR(INDEX('Sheet 1'!$B:$B,MATCH($A4*100+COLUMN(L3),'Sheet 1'!$A:$A,0)),IFERROR(INDEX('Sheet 1'!$B:$B,MATCH(TEXT($A4*100+COLUMN(L3),"000000"),'Sheet 1'!$A:$A,0)),"")) -> -1.9
A5: 2003 | B5: =IFERROR(INDEX('Sheet 1'!$B:$B,MATCH($A5*100+COLUMN(A4),'Sheet 1'!$A:$A,0)),IFERROR(INDEX('Sheet 1'!$B:$B,MATCH(TEXT($A5*100+COLUMN(A4),"000000"),'Sheet 1'!$A:$A,0)),"")) -> -2.61 | C5: =IFERROR(INDEX('Sheet 1'!$B:$B,MATCH($A5*100+COLUMN(B4),'Sheet 1'!$A:$A,0)),IFERROR(INDEX('Sheet 1'!$B:$B,MATCH(TEXT($A5*100+COLUMN(B4),"000000"),'Sheet 1'!$A:$A,0)),"")) -> -2.03 | D5: =IFERROR(INDEX('Sheet 1'!$B:$B,MATCH($A5*100+COLUMN(C4),'Sheet 1'!$A:$A,0)),IFERROR(INDEX('Sheet 1'!$B:$B,MATCH(TEXT($A5*100+COLUMN(C4),"000000"),'Sheet 1'!$A:$A,0)),"")) -> -1.89 | E5: =IFERROR(INDEX('Sheet 1'!$B:$B,MATCH($A5*100+COLUMN(D4),'Sheet 1'!$A:$A,0)),IFERROR(INDEX('Sheet 1'!$B:$B,MATCH(TEXT($A5*100+COLUMN(D4),"000000"),'Sheet 1'!$A:$A,0)),"")) -> -2.23 | F5: =IFERROR(INDEX('Sheet 1'!$B:$B,MATCH($A5*100+COLUMN(E4),'Sheet 1'!$A:$A,0)),IFERROR(INDEX('Sheet 1'!$B:$B,MATCH(TEXT($A5*100+COLUMN(E4),"000000"),'Sheet 1'!$A:$A,0)),"")) -> -3 | G5: =IFERROR(INDEX('Sheet 1'!$B:$B,MATCH($A5*100+COLUMN(F4),'Sheet 1'!$A:$A,0)),IFERROR(INDEX('Sheet 1'!$B:$B,MATCH(TEXT($A5*100+COLUMN(F4),"000000"),'Sheet 1'!$A:$A,0)),"")) -> -2.88 | H5: =IFERROR(INDEX('Sheet 1'!$B:$B,MATCH($A5*100+COLUMN(G4),'Sheet 1'!$A:$A,0)),IFERROR(INDEX('Sheet 1'!$B:$B,MATCH(TEXT($A5*100+COLUMN(G4),"000000"),'Sheet 1'!$A:$A,0)),"")) -> -4.31 | I5: =IFERROR(INDEX('Sheet 1'!$B:$B,MATCH($A5*100+COLUMN(H4),'Sheet 1'!$A:$A,0)),IFERROR(INDEX('Sheet 1'!$B:$B,MATCH(TEXT($A5*100+COLUMN(H4),"000000"),'Sheet 1'!$A:$A,0)),"")) -> -4.81 | ... M5: =IFERROR(INDEX('Sheet 1'!$B:$B,MATCH($A5*100+COLUMN(L4),'Sheet 1'!$A:$A,0)),IFERROR(INDEX('Sheet 1'!$B:$B,MATCH(TEXT($A5*100+COLUMN(L4),"000000"),'Sheet 1'!$A:$A,0)),"")) -> -4.42
A6: 2004 | B6: =IFERROR(INDEX('Sheet 1'!$B:$B,MATCH($A6*100+COLUMN(A5),'Sheet 1'!$A:$A,0)),IFERROR(INDEX('Sheet 1'!$B:$B,MATCH(TEXT($A6*100+COLUMN(A5),"000000"),'Sheet 1'!$A:$A,0)),"")) -> -4.35 | C6: =IFERROR(INDEX('Sheet 1'!$B:$B,MATCH($A6*100+COLUMN(B5),'Sheet 1'!$A:$A,0)),IFERROR(INDEX('Sheet 1'!$B:$B,MATCH(TEXT($A6*100+COLUMN(B5),"000000"),'Sheet 1'!$A:$A,0)),"")) -> 0.46 | D6: =IFERROR(INDEX('Sheet 1'!$B:$B,MATCH($A6*100+COLUMN(C5),'Sheet 1'!$A:$A,0)),IFERROR(INDEX('Sheet 1'!$B:$B,MATCH(TEXT($A6*100+COLUMN(C5),"000000"),'Sheet 1'!$A:$A,0)),"")) -> 0.11 | E6: =IFERROR(INDEX('Sheet 1'!$B:$B,MATCH($A6*100+COLUMN(D5),'Sheet 1'!$A:$A,0)),IFERROR(INDEX('Sheet 1'!$B:$B,MATCH(TEXT($A6*100+COLUMN(D5),"000000"),'Sheet 1'!$A:$A,0)),"")) -> 1.53 | F6: =IFERROR(INDEX('Sheet 1'!$B:$B,MATCH($A6*100+COLUMN(E5),'Sheet 1'!$A:$A,0)),IFERROR(INDEX('Sheet 1'!$B:$B,MATCH(TEXT($A6*100+COLUMN(E5),"000000"),'Sheet 1'!$A:$A,0)),"")) -> 0.77 | G6: =IFERROR(INDEX('Sheet 1'!$B:$B,MATCH($A6*100+COLUMN(F5),'Sheet 1'!$A:$A,0)),IFERROR(INDEX('Sheet 1'!$B:$B,MATCH(TEXT($A6*100+COLUMN(F5),"000000"),'Sheet 1'!$A:$A,0)),"")) -> 0.48 | H6: =IFERROR(INDEX('Sheet 1'!$B:$B,MATCH($A6*100+COLUMN(G5),'Sheet 1'!$A:$A,0)),IFERROR(INDEX('Sheet 1'!$B:$B,MATCH(TEXT($A6*100+COLUMN(G5),"000000"),'Sheet 1'!$A:$A,0)),"")) -> 0.4 | I6: =IFERROR(INDEX('Sheet 1'!$B:$B,MATCH($A6*100+COLUMN(H5),'Sheet 1'!$A:$A,0)),IFERROR(INDEX('Sheet 1'!$B:$B,MATCH(TEXT($A6*100+COLUMN(H5),"000000"),'Sheet 1'!$A:$A,0)),"")) -> 0.22 | ... M6: =IFERROR(INDEX('Sheet 1'!$B:$B,MATCH($A6*100+COLUMN(L5),'Sheet 1'!$A:$A,0)),IFERROR(INDEX('Sheet 1'!$B:$B,MATCH(TEXT($A6*100+COLUMN(L5),"000000"),'Sheet 1'!$A:$A,0)),"")) -> 1.69
A7: 2005 | B7: =IFERROR(INDEX('Sheet 1'!$B:$B,MATCH($A7*100+COLUMN(A6),'Sheet 1'!$A:$A,0)),IFERROR(INDEX('Sheet 1'!$B:$B,MATCH(TEXT($A7*100+COLUMN(A6),"000000"),'Sheet 1'!$A:$A,0)),"")) -> 2.27 | C7: =IFERROR(INDEX('Sheet 1'!$B:$B,MATCH($A7*100+COLUMN(B6),'Sheet 1'!$A:$A,0)),IFERROR(INDEX('Sheet 1'!$B:$B,MATCH(TEXT($A7*100+COLUMN(B6),"000000"),'Sheet 1'!$A:$A,0)),"")) -> 3.19 | D7: =IFERROR(INDEX('Sheet 1'!$B:$B,MATCH($A7*100+COLUMN(C6),'Sheet 1'!$A:$A,0)),IFERROR(INDEX('Sheet 1'!$B:$B,MATCH(TEXT($A7*100+COLUMN(C6),"000000"),'Sheet 1'!$A:$A,0)),"")) -> 3.4 | E7: =IFERROR(INDEX('Sheet 1'!$B:$B,MATCH($A7*100+COLUMN(D6),'Sheet 1'!$A:$A,0)),IFERROR(INDEX('Sheet 1'!$B:$B,MATCH(TEXT($A7*100+COLUMN(D6),"000000"),'Sheet 1'!$A:$A,0)),"")) -> 3.6 | F7: =IFERROR(INDEX('Sheet 1'!$B:$B,MATCH($A7*100+COLUMN(E6),'Sheet 1'!$A:$A,0)),IFERROR(INDEX('Sheet 1'!$B:$B,MATCH(TEXT($A7*100+COLUMN(E6),"000000"),'Sheet 1'!$A:$A,0)),"")) -> 3.98 | G7: =IFERROR(INDEX('Sheet 1'!$B:$B,MATCH($A7*100+COLUMN(F6),'Sheet 1'!$A:$A,0)),IFERROR(INDEX('Sheet 1'!$B:$B,MATCH(TEXT($A7*100+COLUMN(F6),"000000"),'Sheet 1'!$A:$A,0)),"")) -> 3.66 | H7: =IFERROR(INDEX('Sheet 1'!$B:$B,MATCH($A7*100+COLUMN(G6),'Sheet 1'!$A:$A,0)),IFERROR(INDEX('Sheet 1'!$B:$B,MATCH(TEXT($A7*100+COLUMN(G6),"000000"),'Sheet 1'!$A:$A,0)),"")) -> -1.04 | I7: =IFERROR(INDEX('Sheet 1'!$B:$B,MATCH($A7*100+COLUMN(H6),'Sheet 1'!$A:$A,0)),IFERROR(INDEX('Sheet 1'!$B:$B,MATCH(TEXT($A7*100+COLUMN(H6),"000000"),'Sheet 1'!$A:$A,0)),"")) -> -0.48 | ... M7: =IFERROR(INDEX('Sheet 1'!$B:$B,MATCH($A7*100+COLUMN(L6),'Sheet 1'!$A:$A,0)),IFERROR(INDEX('Sheet 1'!$B:$B,MATCH(TEXT($A7*100+COLUMN(L6),"000000"),'Sheet 1'!$A:$A,0)),"")) -> -1.67
A8: 2006 | B8: =IFERROR(INDEX('Sheet 1'!$B:$B,MATCH($A8*100+COLUMN(A7),'Sheet 1'!$A:$A,0)),IFERROR(INDEX('Sheet 1'!$B:$B,MATCH(TEXT($A8*100+COLUMN(A7),"000000"),'Sheet 1'!$A:$A,0)),"")) -> -2.32 | C8: =IFERROR(INDEX('Sheet 1'!$B:$B,MATCH($A8*100+COLUMN(B7),'Sheet 1'!$A:$A,0)),IFERROR(INDEX('Sheet 1'!$B:$B,MATCH(TEXT($A8*100+COLUMN(B7),"000000"),'Sheet 1'!$A:$A,0)),"")) -> -2.89 | D8: =IFERROR(INDEX('Sheet 1'!$B:$B,MATCH($A8*100+COLUMN(C7),'Sheet 1'!$A:$A,0)),IFERROR(INDEX('Sheet 1'!$B:$B,MATCH(TEXT($A8*100+COLUMN(C7),"000000"),'Sheet 1'!$A:$A,0)),"")) -> -3.17 | E8: =IFERROR(INDEX('Sheet 1'!$B:$B,MATCH($A8*100+COLUMN(D7),'Sheet 1'!$A:$A,0)),IFERROR(INDEX('Sheet 1'!$B:$B,MATCH(TEXT($A8*100+COLUMN(D7),"000000"),'Sheet 1'!$A:$A,0)),"")) -> -3.93 | F8: =IFERROR(INDEX('Sheet 1'!$B:$B,MATCH($A8*100+COLUMN(E7),'Sheet 1'!$A:$A,0)),IFERROR(INDEX('Sheet 1'!$B:$B,MATCH(TEXT($A8*100+COLUMN(E7),"000000"),'Sheet 1'!$A:$A,0)),"")) -> -4.71 | G8: =IFERROR(INDEX('Sheet 1'!$B:$B,MATCH($A8*100+COLUMN(F7),'Sheet 1'!$A:$A,0)),IFERROR(INDEX('Sheet 1'!$B:$B,MATCH(TEXT($A8*100+COLUMN(F7),"000000"),'Sheet 1'!$A:$A,0)),"")) -> -4.83 | H8: =IFERROR(INDEX('Sheet 1'!$B:$B,MATCH($A8*100+COLUMN(G7),'Sheet 1'!$A:$A,0)),IFERROR(INDEX('Sheet 1'!$B:$B,MATCH(TEXT($A8*100+COLUMN(G7),"000000"),'Sheet 1'!$A:$A,0)),"")) -> 0.54 | I8: =IFERROR(INDEX('Sheet 1'!$B:$B,MATCH($A8*100+COLUMN(H7),'Sheet 1'!$A:$A,0)),IFERROR(INDEX('Sheet 1'!$B:$B,MATCH(TEXT($A8*100+COLUMN(H7),"000000"),'Sheet 1'!$A:$A,0)),"")) -> 2.3 | ... M8: =IFERROR(INDEX('Sheet 1'!$B:$B,MATCH($A8*100+COLUMN(L7),'Sheet 1'!$A:$A,0)),IFERROR(INDEX('Sheet 1'!$B:$B,MATCH(TEXT($A8*100+COLUMN(L7),"000000"),'Sheet 1'!$A:$A,0)),"")) -> 2.21
A9: 2007 | B9: =IFERROR(INDEX('Sheet 1'!$B:$B,MATCH($A9*100+COLUMN(A8),'Sheet 1'!$A:$A,0)),IFERROR(INDEX('Sheet 1'!$B:$B,MATCH(TEXT($A9*100+COLUMN(A8),"000000"),'Sheet 1'!$A:$A,0)),"")) -> 2.44 | C9: =IFERROR(INDEX('Sheet 1'!$B:$B,MATCH($A9*100+COLUMN(B8),'Sheet 1'!$A:$A,0)),IFERROR(INDEX('Sheet 1'!$B:$B,MATCH(TEXT($A9*100+COLUMN(B8),"000000"),'Sheet 1'!$A:$A,0)),"")) -> 2.03 | D9: =IFERROR(INDEX('Sheet 1'!$B:$B,MATCH($A9*100+COLUMN(C8),'Sheet 1'!$A:$A,0)),IFERROR(INDEX('Sheet 1'!$B:$B,MATCH(TEXT($A9*100+COLUMN(C8),"000000"),'Sheet 1'!$A:$A,0)),"")) -> 1.89 | E9: =IFERROR(INDEX('Sheet 1'!$B:$B,MATCH($A9*100+COLUMN(D8),'Sheet 1'!$A:$A,0)),IFERROR(INDEX('Sheet 1'!$B:$B,MATCH(TEXT($A9*100+COLUMN(D8),"000000"),'Sheet 1'!$A:$A,0)),"")) -> 1.88 | F9: =IFERROR(INDEX('Sheet 1'!$B:$B,MATCH($A9*100+COLUMN(E8),'Sheet 1'!$A:$A,0)),IFERROR(INDEX('Sheet 1'!$B:$B,MATCH(TEXT($A9*100+COLUMN(E8),"000000"),'Sheet 1'!$A:$A,0)),"")) -> 2.43 | G9: =IFERROR(INDEX('Sheet 1'!$B:$B,MATCH($A9*100+COLUMN(F8),'Sheet 1'!$A:$A,0)),IFERROR(INDEX('Sheet 1'!$B:$B,MATCH(TEXT($A9*100+COLUMN(F8),"000000"),'Sheet 1'!$A:$A,0)),"")) -> -0.03 | H9: =IFERROR(INDEX('Sheet 1'!$B:$B,MATCH($A9*100+COLUMN(G8),'Sheet 1'!$A:$A,0)),IFERROR(INDEX('Sheet 1'!$B:$B,MATCH(TEXT($A9*100+COLUMN(G8),"000000"),'Sheet 1'!$A:$A,0)),"")) -> 0 | I9: =IFERROR(INDEX('Sheet 1'!$B:$B,MATCH($A9*100+COLUMN(H8),'Sheet 1'!$A:$A,0)),IFERROR(INDEX('Sheet 1'!$B:$B,MATCH(TEXT($A9*100+COLUMN(H8),"000000"),'Sheet 1'!$A:$A,0)),"")) -> -0.61 | ... M9: =IFERROR(INDEX('Sheet 1'!$B:$B,MATCH($A9*100+COLUMN(L8),'Sheet 1'!$A:$A,0)),IFERROR(INDEX('Sheet 1'!$B:$B,MATCH(TEXT($A9*100+COLUMN(L8),"000000"),'Sheet 1'!$A:$A,0)),"")) -> -0.87
A10: 2008 | B10: =IFERROR(INDEX('Sheet 1'!$B:$B,MATCH($A10*100+COLUMN(A9),'Sheet 1'!$A:$A,0)),IFERROR(INDEX('Sheet 1'!$B:$B,MATCH(TEXT($A10*100+COLUMN(A9),"000000"),'Sheet 1'!$A:$A,0)),"")) -> -0.72 | C10: =IFERROR(INDEX('Sheet 1'!$B:$B,MATCH($A10*100+COLUMN(B9),'Sheet 1'!$A:$A,0)),IFERROR(INDEX('Sheet 1'!$B:$B,MATCH(TEXT($A10*100+COLUMN(B9),"000000"),'Sheet 1'!$A:$A,0)),"")) -> -0.8 | D10: =IFERROR(INDEX('Sheet 1'!$B:$B,MATCH($A10*100+COLUMN(C9),'Sheet 1'!$A:$A,0)),IFERROR(INDEX('Sheet 1'!$B:$B,MATCH(TEXT($A10*100+COLUMN(C9),"000000"),'Sheet 1'!$A:$A,0)),"")) -> -1.2 | E10: =IFERROR(INDEX('Sheet 1'!$B:$B,MATCH($A10*100+COLUMN(D9),'Sheet 1'!$A:$A,0)),IFERROR(INDEX('Sheet 1'!$B:$B,MATCH(TEXT($A10*100+COLUMN(D9),"000000"),'Sheet 1'!$A:$A,0)),"")) -> -1.69 | F10: =IFERROR(INDEX('Sheet 1'!$B:$B,MATCH($A10*100+COLUMN(E9),'Sheet 1'!$A:$A,0)),IFERROR(INDEX('Sheet 1'!$B:$B,MATCH(TEXT($A10*100+COLUMN(E9),"000000"),'Sheet 1'!$A:$A,0)),"")) -> -1.68 | G10: =IFERROR(INDEX('Sheet 1'!$B:$B,MATCH($A10*100+COLUMN(F9),'Sheet 1'!$A:$A,0)),IFERROR(INDEX('Sheet 1'!$B:$B,MATCH(TEXT($A10*100+COLUMN(F9),"000000"),'Sheet 1'!$A:$A,0)),"")) -> -2.22 | H10: =IFERROR(INDEX('Sheet 1'!$B:$B,MATCH($A10*100+COLUMN(G9),'Sheet 1'!$A:$A,0)),IFERROR(INDEX('Sheet 1'!$B:$B,MATCH(TEXT($A10*100+COLUMN(G9),"000000"),'Sheet 1'!$A:$A,0)),"")) -> 1.55 | I10: =IFERROR(INDEX('Sheet 1'!$B:$B,MATCH($A10*100+COLUMN(H9),'Sheet 1'!$A:$A,0)),IFERROR(INDEX('Sheet 1'!$B:$B,MATCH(TEXT($A10*100+COLUMN(H9),"000000"),'Sheet 1'!$A:$A,0)),"")) -> 1.59 | ... M10: =IFERROR(INDEX('Sheet 1'!$B:$B,MATCH($A10*100+COLUMN(L9),'Sheet 1'!$A:$A,0)),IFERROR(INDEX('Sheet 1'!$B:$B,MATCH(TEXT($A10*100+COLUMN(L9),"000000"),'Sheet 1'!$A:$A,0)),"")) -> -0.47
A11: 2009 | B11: =IFERROR(INDEX('Sheet 1'!$B:$B,MATCH($A11*100+COLUMN(A10),'Sheet 1'!$A:$A,0)),IFERROR(INDEX('Sheet 1'!$B:$B,MATCH(TEXT($A11*100+COLUMN(A10),"000000"),'Sheet 1'!$A:$A,0)),"")) -> -1.08 | C11: =IFERROR(INDEX('Sheet 1'!$B:$B,MATCH($A11*100+COLUMN(B10),'Sheet 1'!$A:$A,0)),IFERROR(INDEX('Sheet 1'!$B:$B,MATCH(TEXT($A11*100+COLUMN(B10),"000000"),'Sheet 1'!$A:$A,0)),"")) -> -1.7 | D11: =IFERROR(INDEX('Sheet 1'!$B:$B,MATCH($A11*100+COLUMN(C10),'Sheet 1'!$A:$A,0)),IFERROR(INDEX('Sheet 1'!$B:$B,MATCH(TEXT($A11*100+COLUMN(C10),"000000"),'Sheet 1'!$A:$A,0)),"")) -> -2.26 | E11: =IFERROR(INDEX('Sheet 1'!$B:$B,MATCH($A11*100+COLUMN(D10),'Sheet 1'!$A:$A,0)),IFERROR(INDEX('Sheet 1'!$B:$B,MATCH(TEXT($A11*100+COLUMN(D10),"000000"),'Sheet 1'!$A:$A,0)),"")) -> -2.67 | F11: =IFERROR(INDEX('Sheet 1'!$B:$B,MATCH($A11*100+COLUMN(E10),'Sheet 1'!$A:$A,0)),IFERROR(INDEX('Sheet 1'!$B:$B,MATCH(TEXT($A11*100+COLUMN(E10),"000000"),'Sheet 1'!$A:$A,0)),"")) -> -3.06 | G11: =IFERROR(INDEX('Sheet 1'!$B:$B,MATCH($A11*100+COLUMN(F10),'Sheet 1'!$A:$A,0)),IFERROR(INDEX('Sheet 1'!$B:$B,MATCH(TEXT($A11*100+COLUMN(F10),"000000"),'Sheet 1'!$A:$A,0)),"")) -> -2.8 | H11: =IFERROR(INDEX('Sheet 1'!$B:$B,MATCH($A11*100+COLUMN(G10),'Sheet 1'!$A:$A,0)),IFERROR(INDEX('Sheet 1'!$B:$B,MATCH(TEXT($A11*100+COLUMN(G10),"000000"),'Sheet 1'!$A:$A,0)),"")) -> -2.46 | I11: =IFERROR(INDEX('Sheet 1'!$B:$B,MATCH($A11*100+COLUMN(H10),'Sheet 1'!$A:$A,0)),IFERROR(INDEX('Sheet 1'!$B:$B,MATCH(TEXT($A11*100+COLUMN(H10),"000000"),'Sheet 1'!$A:$A,0)),"")) -> -3.37 | ... M11: =IFERROR(INDEX('Sheet 1'!$B:$B,MATCH($A11*100+COLUMN(L10),'Sheet 1'!$A:$A,0)),IFERROR(INDEX('Sheet 1'!$B:$B,MATCH(TEXT($A11*100+COLUMN(L10),"000000"),'Sheet 1'!$A:$A,0)),"")) -> 0.28
A12: 2010 | B12: =IFERROR(INDEX('Sheet 1'!$B:$B,MATCH($A12*100+COLUMN(A11),'Sheet 1'!$A:$A,0)),IFERROR(INDEX('Sheet 1'!$B:$B,MATCH(TEXT($A12*100+COLUMN(A11),"000000"),'Sheet 1'!$A:$A,0)),"")) -> 1.07 | C12: =IFERROR(INDEX('Sheet 1'!$B:$B,MATCH($A12*100+COLUMN(B11),'Sheet 1'!$A:$A,0)),IFERROR(INDEX('Sheet 1'!$B:$B,MATCH(TEXT($A12*100+COLUMN(B11),"000000"),'Sheet 1'!$A:$A,0)),"")) -> 1.67 | D12: =IFERROR(INDEX('Sheet 1'!$B:$B,MATCH($A12*100+COLUMN(C11),'Sheet 1'!$A:$A,0)),IFERROR(INDEX('Sheet 1'!$B:$B,MATCH(TEXT($A12*100+COLUMN(C11),"000000"),'Sheet 1'!$A:$A,0)),"")) -> 1.89 | E12: =IFERROR(INDEX('Sheet 1'!$B:$B,MATCH($A12*100+COLUMN(D11),'Sheet 1'!$A:$A,0)),IFERROR(INDEX('Sheet 1'!$B:$B,MATCH(TEXT($A12*100+COLUMN(D11),"000000"),'Sheet 1'!$A:$A,0)),"")) -> 2.14 | F12: =IFERROR(INDEX('Sheet 1'!$B:$B,MATCH($A12*100+COLUMN(E11),'Sheet 1'!$A:$A,0)),IFERROR(INDEX('Sheet 1'!$B:$B,MATCH(TEXT($A12*100+COLUMN(E11),"000000"),'Sheet 1'!$A:$A,0)),"")) -> 1.76 | G12: =IFERROR(INDEX('Sheet 1'!$B:$B,MATCH($A12*100+COLUMN(F11),'Sheet 1'!$A:$A,0)),IFERROR(INDEX('Sheet 1'!$B:$B,MATCH(TEXT($A12*100+COLUMN(F11),"000000"),'Sheet 1'!$A:$A,0)),"")) -> 1.54 | H12: =IFERROR(INDEX('Sheet 1'!$B:$B,MATCH($A12*100+COLUMN(G11),'Sheet 1'!$A:$A,0)),IFERROR(INDEX('Sheet 1'!$B:$B,MATCH(TEXT($A12*100+COLUMN(G11),"000000"),'Sheet 1'!$A:$A,0)),"")) -> 2.68 | I12: =IFERROR(INDEX('Sheet 1'!$B:$B,MATCH($A12*100+COLUMN(H11),'Sheet 1'!$A:$A,0)),IFERROR(INDEX('Sheet 1'!$B:$B,MATCH(TEXT($A12*100+COLUMN(H11),"000000"),'Sheet 1'!$A:$A,0)),"")) -> -0.23 | ... M12: =IFERROR(INDEX('Sheet 1'!$B:$B,MATCH($A12*100+COLUMN(L11),'Sheet 1'!$A:$A,0)),IFERROR(INDEX('Sheet 1'!$B:$B,MATCH(TEXT($A12*100+COLUMN(L11),"000000"),'Sheet 1'!$A:$A,0)),"")) -> -1.56
A13: 2011 | B13: =IFERROR(INDEX('Sheet 1'!$B:$B,MATCH($A13*100+COLUMN(A12),'Sheet 1'!$A:$A,0)),IFERROR(INDEX('Sheet 1'!$B:$B,MATCH(TEXT($A13*100+COLUMN(A12),"000000"),'Sheet 1'!$A:$A,0)),"")) -> -2.02 | C13: =IFERROR(INDEX('Sheet 1'!$B:$B,MATCH($A13*100+COLUMN(B12),'Sheet 1'!$A:$A,0)),IFERROR(INDEX('Sheet 1'!$B:$B,MATCH(TEXT($A13*100+COLUMN(B12),"000000"),'Sheet 1'!$A:$A,0)),"")) -> -2.05 | D13: =IFERROR(INDEX('Sheet 1'!$B:$B,MATCH($A13*100+COLUMN(C12),'Sheet 1'!$A:$A,0)),IFERROR(INDEX('Sheet 1'!$B:$B,MATCH(TEXT($A13*100+COLUMN(C12),"000000"),'Sheet 1'!$A:$A,0)),"")) -> -2.97 | E13: =IFERROR(INDEX('Sheet 1'!$B:$B,MATCH($A13*100+COLUMN(D12),'Sheet 1'!$A:$A,0)),IFERROR(INDEX('Sheet 1'!$B:$B,MATCH(TEXT($A13*100+COLUMN(D12),"000000"),'Sheet 1'!$A:$A,0)),"")) -> -3.74 | F13: =IFERROR(INDEX('Sheet 1'!$B:$B,MATCH($A13*100+COLUMN(E12),'Sheet 1'!$A:$A,0)),IFERROR(INDEX('Sheet 1'!$B:$B,MATCH(TEXT($A13*100+COLUMN(E12),"000000"),'Sheet 1'!$A:$A,0)),"")) -> -4.36 | G13: =IFERROR(INDEX('Sheet 1'!$B:$B,MATCH($A13*100+COLUMN(F12),'Sheet 1'!$A:$A,0)),IFERROR(INDEX('Sheet 1'!$B:$B,MATCH(TEXT($A13*100+COLUMN(F12),"000000"),'Sheet 1'!$A:$A,0)),"")) -> -5.26 | H13: =IFERROR(INDEX('Sheet 1'!$B:$B,MATCH($A13*100+COLUMN(G12),'Sheet 1'!$A:$A,0)),IFERROR(INDEX('Sheet 1'!$B:$B,MATCH(TEXT($A13*100+COLUMN(G12),"000000"),'Sheet 1'!$A:$A,0)),"")) -> -5.65 | I13: =IFERROR(INDEX('Sheet 1'!$B:$B,MATCH($A13*100+COLUMN(H12),'Sheet 1'!$A:$A,0)),IFERROR(INDEX('Sheet 1'!$B:$B,MATCH(TEXT($A13*100+COLUMN(H12),"000000"),'Sheet 1'!$A:$A,0)),"")) -> -6.03 | ... M13: =IFERROR(INDEX('Sheet 1'!$B:$B,MATCH($A13*100+COLUMN(L12),'Sheet 1'!$A:$A,0)),IFERROR(INDEX('Sheet 1'!$B:$B,MATCH(TEXT($A13*100+COLUMN(L12),"000000"),'Sheet 1'!$A:$A,0)),"")) -> -3.29
... A28: 2026 | B28: =IFERROR(INDEX('Sheet 1'!$B:$B,MATCH($A28*100+COLUMN(A27),'Sheet 1'!$A:$A,0)),IFERROR(INDEX('Sheet 1'!$B:$B,MATCH(TEXT($A28*100+COLUMN(A27),"000000"),'Sheet 1'!$A:$A,0)),"")) -> -3.73 | C28: =IFERROR(INDEX('Sheet 1'!$B:$B,MATCH($A28*100+COLUMN(B27),'Sheet 1'!$A:$A,0)),IFERROR(INDEX('Sheet 1'!$B:$B,MATCH(TEXT($A28*100+COLUMN(B27),"000000"),'Sheet 1'!$A:$A,0)),"")) -> -4.25 | D28: =IFERROR(INDEX('Sheet 1'!$B:$B,MATCH($A28*100+COLUMN(C27),'Sheet 1'!$A:$A,0)),IFERROR(INDEX('Sheet 1'!$B:$B,MATCH(TEXT($A28*100+COLUMN(C27),"000000"),'Sheet 1'!$A:$A,0)),"")) -> -5.77 | E28: =IFERROR(INDEX('Sheet 1'!$B:$B,MATCH($A28*100+COLUMN(D27),'Sheet 1'!$A:$A,0)),IFERROR(INDEX('Sheet 1'!$B:$B,MATCH(TEXT($A28*100+COLUMN(D27),"000000"),'Sheet 1'!$A:$A,0)),"")) -> -6.2 | F28: =IFERROR(INDEX('Sheet 1'!$B:$B,MATCH($A28*100+COLUMN(E27),'Sheet 1'!$A:$A,0)),IFERROR(INDEX('Sheet 1'!$B:$B,MATCH(TEXT($A28*100+COLUMN(E27),"000000"),'Sheet 1'!$A:$A,0)),"")) -> -6.17 | G28: =IFERROR(INDEX('Sheet 1'!$B:$B,MATCH($A28*100+COLUMN(F27),'Sheet 1'!$A:$A,0)),IFERROR(INDEX('Sheet 1'!$B:$B,MATCH(TEXT($A28*100+COLUMN(F27),"000000"),'Sheet 1'!$A:$A,0)),"")) | H28: =IFERROR(INDEX('Sheet 1'!$B:$B,MATCH($A28*100+COLUMN(G27),'Sheet 1'!$A:$A,0)),IFERROR(INDEX('Sheet 1'!$B:$B,MATCH(TEXT($A28*100+COLUMN(G27),"000000"),'Sheet 1'!$A:$A,0)),"")) | I28: =IFERROR(INDEX('Sheet 1'!$B:$B,MATCH($A28*100+COLUMN(H27),'Sheet 1'!$A:$A,0)),IFERROR(INDEX('Sheet 1'!$B:$B,MATCH(TEXT($A28*100+COLUMN(H27),"000000"),'Sheet 1'!$A:$A,0)),"")) | ... M28: =IFERROR(INDEX('Sheet 1'!$B:$B,MATCH($A28*100+COLUMN(L27),'Sheet 1'!$A:$A,0)),IFERROR(INDEX('Sheet 1'!$B:$B,MATCH(TEXT($A28*100+COLUMN(L27),"000000"),'Sheet 1'!$A:$A,0)),""))
